Price,Close,High,Low,Open,Volume
Ticker,GOOG,GOOG,GOOG,GOOG,GOOG
Date,,,,,
2022-05-06,115.11476135253906,116.94458770742794,113.60490687416149,114.97441961297665,35310000
2022-05-09,112.55091094970703,115.01812228876098,112.02091999018971,112.76937389751654,34520000
2022-05-10,114.0443344116211,116.14090277478489,112.84879466967709,115.49346428860967,31158000
2022-05-11,113.42376708984375,116.12099077971948,113.11423617313255,113.17445205934112,36502000
2022-05-12,112.62754821777344,114.31505104829904,109.59441390034478,111.41031401551595,41464000
2022-05-13,115.96623229980469,117.5283296267956,113.46258780821272,114.30409914599453,29738000
2022-05-16,114.25135803222656,116.05779674581578,113.79601048856615,114.84006896362847,23282000
2022-05-17,116.15135955810547,116.67488092319999,114.7937911446927,116.67488092319999,21576000
2022-05-18,111.87113189697266,115.15024783136839,111.6133501748817,114.694262429826,27982000
2022-05-19,110.22342681884766,113.05203203540303,109.9472386426884,111.31376719646522,29192000
2022-05-20,108.79768371582031,112.01942346918136,105.8715409387929,111.55711277481943,37586000
2022-05-23,111.14008331298828,111.477489710384,108.63968124325673,109.58494917726688,31558000
2022-05-24,105.42665100097656,105.89343423093972,101.72617591760488,105.87602249964246,60386000
2022-05-25,105.34056091308594,106.04243671399546,103.71998654837991,104.6463468817272,37900000
2022-05-26,107.78546905517578,108.44161717467594,104.99070785413384,105.55055611885446,30288000
2022-05-27,112.26725006103516,112.33591743295146,109.03356584864135,109.27093641660595,29924000
2022-05-31,113.50141143798828,115.88462428033296,112.04182531804331,112.54593787484582,51302000
2022-06-01,113.59894561767578,116.84556919378318,113.01520838313238,114.38970249768265,28630000
2022-06-02,117.1909408569336,117.3422247455346,112.77385831758554,113.64971480741112,27472000
2022-06-03,114.02393341064453,115.81594458724007,113.13215356534883,115.4456966033437,25052000
2022-06-06,116.45890045166016,118.83564369936303,115.97897296448902,116.19216607446508,23786000
2022-06-07,116.6768569946289,117.19355940115942,114.58277936830333,115.10281528975709,26414000
2022-06-08,116.68531799316406,118.08668516675237,116.1466174166489,116.32552617837696,22544000
2022-06-09,114.37625885009766,117.79207910560775,114.32549678098384,115.79304832164932,23142000
2022-06-10,110.9022216796875,112.96196969377868,110.33839438297558,112.24959214379983,31324000
2022-06-13,106.37267303466797,108.70362779893402,106.08558068776968,106.93948450933533,36756000
2022-06-14,106.68866729736328,107.94620733346038,105.85063379070733,106.38609956083734,25480000
2022-06-15,109.87010192871094,111.53471806559185,107.60905997610635,108.38612585459978,33192000
2022-06-16,106.13330078125,108.77528226459472,105.29377894979795,107.63966229282266,35314000
2022-06-17,107.35700225830078,108.73447289010724,105.13059396192797,106.03277674410664,43516000
2022-06-21,111.4869384765625,112.14183367899099,108.77827156893109,109.18484648717131,39010000
2022-06-22,111.50584411621094,113.23316672506564,110.20231831283368,110.63895560491883,23922000
2022-06-23,112.15328979492188,112.66287718187586,110.50559176492372,112.41753351005117,24710000
2022-06-24,117.97920227050781,118.07822817573229,113.06746117999977,113.06746117999977,39122000
2022-06-27,116.07271575927734,118.68783162819385,115.45389693473588,118.37431417135447,32840000
2022-06-28,112.04083251953125,117.30091470055925,111.9139311338108,115.8025109462013,28232000
2022-06-29,111.72730255126953,113.12866212637896,111.02811487234999,111.61980998211311,18628000
2022-06-30,108.8569107055664,110.80498978603725,106.80413342295978,109.97859688362662,38046000
2022-07-01,108.56678009033203,109.28871013062435,106.60009726160429,107.82628411703544,31028000
2022-07-05,113.3501205444336,113.51493590818501,105.74862031485087,107.00766390008619,36398000
2022-07-06,114.67036437988281,115.80349370763895,111.72133503156087,113.55415321022511,28852000
2022-07-07,118.74357604980469,119.29695475187049,114.989354580238,115.46112670522629,32184000
2022-07-08,119.60201263427734,119.8672510938452,116.96002344229618,116.99585683166637,29082000
2022-07-11,115.97319793701172,118.23449061320869,115.68655359916379,118.09067107470861,26718000
2022-07-12,114.30809020996094,117.29394790177244,114.07469098949888,116.28771228019878,24970000
2022-07-13,111.65814208984375,114.61414259589735,111.29585958107427,112.10801480483113,38958000
2022-07-14,110.91465759277344,111.4595772033137,108.8101237182931,110.30354606666393,32366000
2022-07-15,112.23540496826172,113.46309536751616,111.29536124953374,112.43048015695064,34330000
2022-07-18,109.39187622070312,114.25882363339025,108.78475121807577,112.90523421049274,33354000
2022-07-19,114.07967376708984,114.2687729265067,109.97909308320386,111.20329809392652,30992300
2022-07-20,114.15928649902344,115.78160733043346,112.72608000664897,113.52230414831732,26780100
2022-07-21,114.49768829345703,114.66688507026035,111.3824462295737,114.5474480312899,27267800
2022-07-22,107.84918212890625,112.64645992532877,107.09276270894505,111.28291549102657,44455300
2022-07-25,107.69988250732422,110.05871274028323,106.50554250706286,108.36672221424634,28289900
2022-07-26,104.94293975830078,107.23209259844386,104.266145093948,106.9235564227661,36626600
2022-07-27,113.06446838378906,113.86070008244539,107.90888749823135,109.0833250773639,41474600
2022-07-28,114.04981231689453,114.15929437786211,111.32372570434588,112.26825716499474,23303800
2022-07-29,116.09014129638672,116.34891774434884,112.69622048594888,112.86541725855054,31336200
2022-08-01,114.93561553955078,116.56788375789434,114.14933879151246,114.9853752769637,22856200
2022-08-02,115.3536376953125,116.52807536478234,113.72136942159898,113.89056620271383,17911000
2022-08-03,118.22006225585938,118.85704464738586,115.60246297797485,115.79156214227145,25302800
2022-08-04,118.30963134765625,118.93665869753202,117.15509612047474,117.74231871869387,15757700
2022-08-05,117.6626968383789,118.29967918809457,116.15981304759887,116.37877715408149,15615700
2022-08-08,117.58307647705078,120.29025535976568,117.27454027569524,118.55846000728116,17061100
2022-08-09,116.94608306884766,117.64278010082272,116.01051197439986,117.4337709912302,15424300
2022-08-10,120.08123779296875,121.20590805552138,118.79731815159718,119.026229641864,20497000
2022-08-11,119.25516510009766,121.76328241345097,118.98644122822849,121.50451352748195,16671600
2022-08-12,122.07181549072266,122.07181549072266,119.83242224622951,120.58884164608502,16121100
2022-08-15,122.30072021484375,122.67893369052669,120.99689820575556,121.63388053030461,15525000
2022-08-16,121.9324722290039,122.64708218790751,120.96207003901053,121.74336548664627,15626200
2022-08-17,119.75279235839844,121.57416727400366,119.63335532357193,120.35991733026684,17589200
2022-08-18,120.29025268554688,121.11634179263632,118.98643060591009,119.66322531154273,15652000
2022-08-19,117.56316375732422,119.43429836473763,117.11528058239955,119.30491394180999,20187000
2022-08-22,114.52754211425781,115.95080117925099,114.12942625675926,115.55268532175243,19316000
2022-08-23,114.22895812988281,115.38349340587219,113.761180140572,113.7810825172417,14390700
2022-08-24,114.15928649902344,115.17149812350758,113.24362531906196,113.91046503098421,16051200
2022-08-25,117.1451416015625,117.22476629204917,114.50764017169033,114.60716723808446,14874700
2022-08-26,110.77532196044922,116.05033259120523,110.69569726728199,115.26405583139334,31698700
2022-08-29,109.81983947753906,111.43220532390005,109.29233918029928,110.25776769113976,20386100
2022-08-30,109.39187622070312,110.84499271428425,108.287108271229,110.5065915618455,20548200
2022-08-31,108.63545989990234,111.24310415562577,108.5359328263928,111.10376473402661,25898000
2022-09-01,110.02885437011719,110.69569407092312,107.67997914350877,108.68521239036124,22784400
2022-09-02,108.16766357421875,111.1485473484776,107.62025333406162,110.81511991547303,20618100
2022-09-06,106.97333526611328,108.36672949556623,106.00790669754299,107.62524633634213,20565100
2022-09-07,109.95918273925781,110.46677304944285,107.10768334570685,107.2520040445576,22987200
2022-09-08,108.90419006347656,110.05872544463818,107.55060052377023,108.66532355453704,21660700
2022-09-09,111.2530517578125,111.47201586105956,109.48144414925493,109.53121147942143,21732900
2022-09-12,111.34263610839844,112.10900290851234,110.40706493467108,111.46206555632702,19732900
2022-09-13,104.81356048583984,108.854426587914,104.50502427264651,108.37668599298736,33015000
2022-09-14,105.37092590332031,105.59983741872482,104.00738142280314,104.94295264253238,22115800
2022-09-15,103.41020202636719,105.7093099253704,102.82297942235097,104.51496993474163,26494900
2022-09-16,103.14146423339844,103.5395800702044,101.37483802148174,102.4845795570824,64540100
2022-09-19,103.36042785644531,103.52962461845951,101.88740913837313,102.05660590038732,19738600
2022-09-20,101.3499526977539,102.68363199676537,100.64330070587691,102.39499820964471,24001700
2022-09-21,99.53853607177734,103.00212644130289,99.5186261032401,101.75801917770903,26596800
2022-09-22,100.09590148925781,101.20066943281867,98.94137380733588,98.98117856065326,21272700
2022-09-23,98.70249938964844,99.63807055141359,97.54797171167087,99.58830321979381,25657000
2022-09-26,98.34420013427734,99.966521057017,97.9162268814197,98.14514598601151,22437900
2022-09-27,97.62757873535156,99.98640877290106,96.88111439866945,99.43900614872426,24225000
2022-09-28,100.26509857177734,100.92199090493601,97.33896321464246,97.55791973226661,24617000
2022-09-29,97.62757873535156,98.83188121408192,96.06498036096747,98.83188121408192,21921500
2022-09-30,95.69673156738281,99.02496905742883,95.57729453727607,97.26928496002856,26277800
2022-10-03,98.8318862915039,99.49872597744233,96.56262821292925,96.76168993566122,24840000
2022-10-04,101.9272232055664,102.23575937603874,100.56367891546137,100.56367891546137,22580900
2022-10-05,101.73811340332031,102.25565866657473,99.2698013337131,100.21532737850934,18475500
2022-10-06,101.75801849365234,103.2409998091553,101.02150912471575,101.02150912471575,17156200
2022-10-07,99.10061645507812,100.94189384574065,98.74231292470361,100.17552704620165,24249900
2022-10-10,98.24465942382812,99.51862402013333,97.40862300503832,99.37928461700169,16529900
2022-10-11,97.58777618408203,99.64801749598684,96.79154450298445,97.78683030764239,21617700
2022-10-12,97.83660125732422,99.17824614644113,97.20956631738184,97.80673630359924,17343400
2022-10-13,99.23995208740234,100.05608618802648,94.82088044364659,95.47777275541719,32812200
2022-10-14,96.72188568115234,100.81251140594685,96.57259127497312,100.15064536018114,22624800
2022-10-17,100.3049087524414,101.29023963747129,99.04089903879125,99.05084643022157,23311600
2022-10-18,100.91203308105469,103.72869389685495,100.17552366831033,103.45001507005593,21610500
2022-10-19,99.81722259521484,101.17976466249833,99.16531155367703,100.22528586061577,21573700
2022-10-20,100.05608367919922,102.51444090418003,99.49872604204442,100.34471748227675,25125100
2022-10-21,101.00161743164062,101.14095685148868,97.76693822594267,97.99584973279497,28988700
2022-10-24,102.48458862304688,102.61397305424748,99.82717713693695,101.60873218590838,24680800
2022-10-25,104.43534851074219,104.60454528924555,102.53434882019566,102.81303524726017,29910200
2022-10-26,94.37300872802734,98.07547349073133,94.12418725304379,96.30386580379698,71504300
2022-10-27,92.16346740722656,94.72135171622803,91.46677035552513,93.86540528503579,54036500
2022-10-28,96.12471008300781,96.40338890857451,91.88777441497635,92.09379931675498,35696900
2022-10-31,94.21376037597656,95.895788266276,93.93507396490948,95.32847564653179,29868700
2022-11-01,90.07337188720703,95.71166729279447,90.00370217953972,95.13937335734343,43220600
2022-11-02,86.65953826904297,90.86960073686399,86.59982354820654,90.48143986457043,43553600
2022-11-03,83.09642028808594,86.14200040176253,83.05660793961765,85.93796496339849,48510400
2022-11-04,86.2912826538086,86.32114760865238,83.48457677935511,85.10689762157878,40173300
2022-11-07,88.23209381103516,88.52072762427457,86.55005826242318,86.92826415903247,26899900
2022-11-08,88.4908676147461,89.97881508466742,87.23680533110023,88.73968907456474,30172000
2022-11-09,86.98798370361328,89.06812745884204,86.94817135890763,88.1275826462776,26743900
2022-11-10,93.72605895996094,94.10427241163437,91.21794216544629,91.90468418190736,42371200
2022-11-11,96.27400207519531,96.9010294170545,93.7161177852531,94.26352043796018,30569100
2022-11-14,95.57730102539062,96.72188129630366,94.66462406346555,95.04980072844313,24170100
2022-11-15,98.25462341308594,99.94660637385905,96.56263285888416,98.2048560816514,31831000
2022-11-16,98.52334594726562,99.37929240122082,97.44047747427246,97.55791744035602,24660200
2022-11-17,98.03565979003906,99.01104329961711,96.64225803068271,96.72188272400106,21818700
2022-11-18,97.3389663696289,98.69255583325732,96.28395812703593,98.54326142602511,24969900
2022-11-21,95.37824249267578,98.25461792127615,95.21899311572922,97.10008271869822,18696900
2022-11-22,96.87117767333984,97.08814471273037,93.96494469164605,95.70669500233242,18868900
2022-11-23,98.3541488647461,98.6019755918307,96.88112244359954,96.88112244359954,17568900
2022-11-25,97.139892578125,98.47357949893839,97.07022287585006,98.00081266911414,8567800
2022-11-28,95.79627227783203,97.36882589453009,95.43796872988996,96.7417908889169,19974500
2022-11-29,94.99008178710938,95.93560028567009,93.94502863107638,95.54743942049858,20220000
2022-11-30,100.97174835205078,100.97174835205078,94.22371137655793,94.67159457357357,39888100
2022-12-01,100.80255126953125,102.10637332378369,100.19542628394152,100.92198830705709,21771500
2022-12-02,100.35467529296875,100.67316646508776,98.70249711711934,98.90155884558654,18821500
2022-12-05,99.39920043945312,101.27033510130242,98.88662883486676,99.3444594140396,19955500
2022-12-06,96.85126495361328,99.7375954766375,96.30386228470965,99.20014019910097,20877600
2022-12-07,94.70144653320312,96.85125993860218,94.57703580669956,96.31380468889539,26647900
2022-12-08,93.5071029663086,95.4180575774107,93.35781616291882,95.23890581991452,25593200
2022-12-09,92.63125610351562,94.04456022391321,92.5814887723829,93.45734520237579,21885300
2022-12-12,93.11893463134766,93.43245208020878,91.46676419427745,92.6511491023891,27380900
2022-12-13,95.39814758300781,99.32953126219154,94.93036201669989,97.60768339373894,34788500
2022-12-14,94.8606948852539,96.76169456275036,93.49715808812078,95.08961397898538,26452900
2022-12-15,90.77006530761719,93.58672604907856,90.00369855414625,93.0990381150516,28298800
2022-12-16,90.43167877197266,91.31748262813915,89.58568726358575,90.77007233795585,48485500
2022-12-19,88.729736328125,90.77006779404601,88.5057985273253,90.45157662118169,23020500
2022-12-20,89.20747375488281,89.35676816069653,87.62497279617249,88.31172250685827,21976800
2022-12-21,89.82454681396484,90.48641280696336,88.49086743686348,89.3070015196909,20336400
2022-12-22,87.84394073486328,88.75960199333768,86.53016357470415,88.51078050396339,23656100
2022-12-23,89.38662719726562,89.67526102899684,87.20695616790698,87.20695616790698,17815000
2022-12-27,87.51549530029297,89.07809396328607,87.12236068480412,88.88898719983534,15470900
2022-12-28,86.05241394042969,88.10270036774263,85.96284185850402,87.08751213877628,17879600
2022-12-29,88.53067779541016,88.94372235525123,86.57991834200945,86.61973068923339,18280700
2022-12-30,88.31172180175781,88.41124887369601,86.619731205093,86.95315107247184,19190300
2023-01-03,89.27713775634766,91.1184226545952,88.6003430742412,89.40652977671246,20738500
2023-01-04,88.29180908203125,90.8098811314599,87.38610288413852,90.58096963247291,27046500
2023-01-05,86.36095428466797,87.79416841193891,86.15194515667909,87.65482899327966,23136100
2023-01-06,87.74441528320312,88.05295150584531,85.16662065695033,86.94818346508403,26612600
2023-01-09,88.38139343261719,90.40182265125355,88.16242931353618,88.77452803301881,22996700
2023-01-10,88.8193130493164,89.05320584713402,86.29128591056448,86.31119588121177,22855600
2023-01-11,91.8250732421875,92.01417238726286,89.31694868624322,89.635439849633,25998800
2023-01-12,91.47673034667969,92.1833824216319,90.14304329744982,91.96441830956216,22754200
2023-01-13,92.3625259399414,92.54167768896369,90.50133874695594,91.09651923439354,18630700
2023-01-17,91.72555541992188,92.5317345974227,90.41177069595153,92.34262783986411,22935800
2023-01-18,91.34732818603516,93.14680354992937,90.96912232114694,92.50186334215907,19641600
2023-01-19,93.46730041503906,93.95498836892797,90.94922076610231,90.95917575103884,28707700
2023-01-20,98.81198120117188,98.95132061724973,95.45787263688962,95.49767738997299,53704800
2023-01-23,100.73287963867188,100.92198637945205,98.2844773668706,98.66268325500256,31791800
2023-01-24,98.7423095703125,100.61344425937016,98.23471165395418,99.08071071236088,27391400
2023-01-25,96.27400207519531,97.2593329248107,94.81292016231012,96.74178003875029,31000900
2023-01-26,98.69255065917969,98.74231039669573,96.36357777137192,97.8166942324974,24542100
2023-01-27,100.23523712158203,101.10113854540126,98.50344186737202,98.58306655785783,29020400
2023-01-30,97.48824310302734,98.94036475098629,97.06026989637677,98.27950110151227,24365100
2023-01-31,99.39920043945312,99.439012784611,97.3290040518145,97.39867375748366,22306800
2023-02-01,100.95184326171875,101.70826262782808,97.95603075102244,99.26980775877634,26392600
2023-02-02,108.28710174560547,108.30700412117132,106.03775363524876,106.28657509367761,46622600
2023-02-03,104.7239761352539,107.5107719002087,102.81302916612579,103.02203827899028,36823400
2023-02-06,102.98223114013672,104.20642851928456,101.72816880613156,102.20092808008586,25573000
2023-02-07,107.53067779541016,108.1577051102493,103.05984964740256,103.14146381125228,33738800
2023-02-08,99.5285873413086,103.0917125905503,97.99087248930825,102.20590877068695,73546000
2023-02-09,95.0099868774414,100.13571055317259,93.41753102694793,100.06604084700814,97798600
2023-02-10,94.4128189086914,96.56263245463339,94.08437274682724,95.28866774690057,49325300
2023-02-13,94.55215454101562,94.9005030653758,93.6066360329768,94.5621095255483,43116600
2023-02-14,94.50239562988281,94.72634103796074,92.21324255629635,94.21376939358002,42513100
2023-02-15,96.64225006103516,96.88111652786327,93.91516908391556,94.29337495584576,36964500
2023-02-16,95.32848358154297,97.41858248123923,94.52230442149285,95.08961708845939,35642100
2023-02-17,94.14408874511719,95.29862402303579,93.00946343733028,94.62182931370424,31095100
2023-02-21,91.6160659790039,92.97462904475408,91.56629864888856,92.80045098277883,28367200
2023-02-22,91.36724090576172,91.9245985325782,90.44162479355397,91.50060428450529,29891100
2023-02-23,90.64068603515625,91.6956866525768,89.5856854177357,91.6956866525768,32423700
2023-02-24,88.92878723144531,89.70510896249682,88.4410993017847,89.20746604839424,31295600
2023-02-27,89.67526245117188,90.02361101449992,89.18757446251261,89.66530746552559,22724300
2023-02-28,89.87432098388672,91.0188937091269,89.09799159324385,89.11790156382462,30546900
2023-03-01,90.08332824707031,90.77007034929314,89.42643591324207,89.73497970341688,26323900
2023-03-02,91.87483978271484,92.0440441581639,89.34681266394152,89.43639234428854,23328600
2023-03-03,93.57677459716797,93.66635427447287,92.223192793545,92.30280989251439,30242500
2023-03-06,95.1294174194336,95.8460244015912,93.85545282601029,93.91516754338078,28288200
2023-03-07,93.72605895996094,95.63700581229855,93.40159938365684,94.97016617009133,24101500
2023-03-08,94.20381164550781,95.786312576485,93.95996386717117,93.95996386717117,25395200
2023-03-09,92.22319793701172,95.46782460218897,91.9196354245641,94.04456541826838,24438900
2023-03-10,90.58096313476562,92.74073150670257,90.37195402716799,92.06393685634582,32850100
2023-03-13,91.2279052734375,92.64120936758242,89.51601238489984,90.138066045361,31508600
2023-03-14,93.80570220947266,94.38296989164628,92.34263062584571,92.63126446693254,32303900
2023-03-15,96.0948486328125,96.7915456670809,92.60139329028804,93.0990361986021,38367300
2023-03-16,100.59354400634766,101.48930282075987,95.41806044618829,96.11475752771521,54499500
2023-03-17,101.97699737548828,103.0021406875287,100.2750593147082,100.36463140523018,76140300
2023-03-20,101.44947814941406,102.09641541419684,100.31485298681007,100.58357680177302,26033900
2023-03-21,105.34104919433594,105.46048622824132,101.37981582099496,101.49925285490033,33122800
2023-03-22,103.72869110107422,107.00318241456304,103.71873611654871,104.64435224828523,32336900
2023-03-23,105.75907897949219,106.59611020702042,104.91308750622107,105.39082047288845,31385800
2023-03-24,105.56001281738281,105.6595474752362,104.2462358240578,105.24152165516549,25236200
2023-03-27,102.57415771484375,104.90313056250179,102.14618449375519,104.8235058717345,25393400
2023-03-28,100.88217163085938,102.51443977317155,99.80726111955286,102.51443977317155,24913500
2023-03-29,101.41963195800781,102.33529313857,100.55373051502896,102.23576606997473,26148300
2023-03-30,100.84236145019531,101.13099525628078,99.81721824541872,100.96179848515672,25009800
2023-03-31,103.50973510742188,103.69884186107308,100.96180559621337,101.23052945201815,28108000
2023-04-03,104.41545104980469,104.45525580497342,101.89737125663981,102.18600508890209,20719900
2023-04-04,104.62445831298828,105.59983425918185,104.10690538390568,104.34577187778977,20377200
2023-04-05,104.45525360107422,106.03776215237406,103.61125157152395,105.61974389106048,21864200
2023-04-06,108.38663482666016,109.11318927328242,104.32089288146136,105.27138513441434,34684200
2023-04-10,106.4458236694336,107.46101953690977,105.10218922688338,106.88375189410401,19741500
2023-04-11,105.6197280883789,106.71454091091292,104.78368409741063,106.4159521441183,18721300
2023-04-12,104.7239761352539,107.07981447272418,104.47515467802071,106.88374456161523,22761600
2023-04-13,107.67998504638672,107.75462845227459,105.93823470366691,105.96809206602205,21650700
2023-04-14,108.94400024414062,109.06343729294638,107.0828127657545,107.18234743647393,20758700
2023-04-17,105.91832733154297,106.20696116377165,104.82351432223253,104.93299638250647,29043400
2023-04-18,104.62445831298828,106.54536043624745,104.28605715267598,106.49559310303333,17641400
2023-04-19,104.52491760253906,105.22659595576813,103.31067523267343,103.72371218206571,16732000
2023-04-20,105.40077209472656,106.38411347306022,104.14670980873836,104.15666479330964,22515300
2023-04-21,105.41073608398438,106.13729055775771,104.98773652799665,105.58988026100053,22379000
2023-04-24,106.27661895751953,106.81407421311313,104.86331491138166,105.5500645591004,21410900
2023-04-25,104.11685180664062,106.93351254210845,104.06708447751939,106.10742347663711,31408100
2023-04-26,103.95760345458984,106.51548777205272,102.78316585395933,105.06237134981976,37068200
2023-04-27,107.85912322998047,108.63544492715852,103.92773982405227,104.7339264732531,38235200
2023-04-28,107.7098388671875,107.77950857486836,105.54011535071814,107.29182062110233,23957900
2023-05-01,107.20223999023438,108.16766849767576,106.99323086905045,107.21219497507987,20926300
2023-05-02,105.48039245605469,107.22214260656568,104.00736613051419,107.15247290428236,20343100
2023-05-03,105.6197280883789,107.62024700824847,105.12208520600637,105.71925514616785,17116300
2023-05-04,104.71401977539062,105.79888526326037,104.20642188314228,105.65954585651426,19780600
2023-05-05,105.71427917480469,105.93822455787861,104.24523937756305,104.82350171166144,20705300
2023-05-08,107.72974395751953,107.90889572370182,105.29129653383215,105.29627022971015,17266000
2023-05-09,107.43115997314453,110.07364276113574,107.21716956104675,108.26719646482212,24782400
2023-05-10,111.75070190429688,112.97490692724274,107.96861996362168,108.03828967429801,47533500
2023-05-11,116.34892272949219,117.88166392012744,114.388208299956,115.31382448672181,57115100
2023-05-12,117.3641128540039,117.70251401247486,116.00057601513231,116.44845163790654,31272500
2023-05-15,116.40863037109375,118.2349789674322,115.93089742252863,115.94084481361202,22107900
2023-05-16,119.52388000488281,120.62864796060592,116.27925344035776,116.27925344035776,32370100
2023-05-17,120.9073257446289,121.70354985109103,118.89684411944845,119.61345113066413,26659600
2023-05-18,122.93769836425781,123.3159118270961,120.91726941031143,120.98693911239828,27014500
2023-05-19,122.66897583007812,125.88274999836206,122.14147556681209,123.61449431026124,30251300
2023-05-22,125.2766342163086,126.4510718375126,122.86803665863356,122.92775897390055,29760200
2023-05-23,122.70880126953125,124.82875753308413,122.46993477628996,124.34106956129973,24477900
2023-05-24,121.06656646728516,122.17133433432026,120.18076269547187,121.30543293778706,23087900
2023-05-25,123.7637939453125,125.38611474082295,122.32063249999149,124.61974038390088,33812700
2023-05-26,124.83870697021484,125.40601961234306,122.70879581601918,123.48014388390779,25154700
2023-05-30,124.05242919921875,125.78422447247827,122.3106789411819,125.69465238976777,27230700
2023-05-31,122.7884292602539,124.3112155348548,122.51969780389545,123.11686784973887,41548800
2023-06-01,123.78369903564453,124.45053870652681,122.71874352171541,122.91779764652478,25017700
2023-06-02,124.63965606689453,126.14751359149375,123.763799618833,123.90313903676483,19362400
2023-06-05,126.03305053710938,127.3866399659389,123.79365726648493,124.02257636414632,22672500
2023-06-06,127.3070297241211,128.2724583121985,125.37617254796628,126.0031999638896,19450100
2023-06-07,122.36044311523438,128.93928309907173,122.05189934252422,126.97358749810864,34179300
2023-06-08,122.09171295166016,123.14672111234258,121.4348282416394,122.0071145659302,24815000
2023-06-09,122.29077911376953,123.69910954868807,121.842895910597,121.9822353266697,20304500
2023-06-12,123.7637939453125,124.16190980405125,121.77322224504714,122.81329413601297,22255700
2023-06-13,123.84342193603516,125.26668104339029,123.26118060940287,125.05767192050398,19287700
2023-06-14,123.79365539550781,124.20172625238887,121.58412711369931,123.21639535436614,24659600
2023-06-15,125.19700622558594,125.5652647185517,122.55949724141739,123.2960066339206,24517100
2023-06-16,123.47515869140625,126.102712697508,123.20643485612625,126.102712697508,56686800
2023-06-20,123.26614379882812,124.5849020290529,122.25095563227504,122.95263393793431,22698000
2023-06-21,120.68836212158203,122.8282281791936,120.29024627007294,122.65405012121204,22612000
2023-06-22,123.28606414794922,123.35075256633372,119.03618920668818,120.09119739838766,20781900
2023-06-23,122.4400634765625,122.85808930986228,121.28553582452349,121.46468758352954,29542900
2023-06-26,118.5285873413086,122.14147980946397,118.42906027574189,120.89339354984655,23185000
2023-06-27,118.448974609375,119.32979714519557,116.35887578174737,117.28448435970893,27221700
2023-06-28,120.50921630859375,120.69831546247532,117.04561810118291,117.40392162586087,19753100
2023-06-29,119.44425201416016,120.34001076057014,118.64802032992282,119.5238691078414,18517500
2023-06-30,120.39972686767578,121.45472740704297,120.31014719528767,120.52911129064951,23865800
2023-07-03,119.99166107177734,120.44949165700562,119.14069591223657,119.75279459109923,13888300
2023-07-05,122.05189514160156,122.78841210220479,119.49401093470217,119.49401093470217,17830300
2023-07-06,120.35991668701172,120.57888078630921,118.68783617551885,120.07128288279486,17732500
2023-07-07,119.57363891601562,121.17604970854747,119.5238715871829,120.32010328793686,20982400
2023-07-10,116.3190689086914,118.5086949085845,116.09014980459588,118.5086949085845,32960100
2023-07-11,117.15509796142578,117.66766957312922,115.28396327359579,116.20957942944025,18286600
2023-07-12,119.05609130859375,120.38977064895514,118.439011372849,118.737600153177,22059600
2023-07-13,124.24153137207031,124.74414798012141,120.48929955905058,120.9670400962163,31535900
2023-07-14,125.10742950439453,126.49087624165418,124.31120537283498,124.5401168682048,20482800
2023-07-17,124.47045135498047,126.67998725250087,123.91309368476946,125.46573724803083,20675300
2023-07-18,123.49506378173828,124.40076991038795,122.71874207334484,124.31617152867102,21071200
2023-07-19,122.2011947631836,124.87851611457583,121.89265858130986,124.20172143663174,22313800
2023-07-20,118.96652221679688,124.11214848892867,118.12550441772859,121.54431664214903,27541700
2023-07-21,119.74284362792969,120.72818213149837,118.50869124397666,120.30020889280264,56498100
2023-07-24,121.3054428100586,122.76851429863068,120.80779985984653,121.35123118575713,22276100
2023-07-25,122.2111587524414,123.10691759710738,120.95709636990905,121.30544492243777,31820800
2023-07-26,129.04876708984375,130.75069739047112,128.10324856873333,129.7454641481958,46216900
2023-07-27,129.2577667236328,132.97019382823336,128.5710170665658,131.17867628520125,35931600
2023-07-28,132.38294982910156,133.43796546264164,130.3028062927618,130.35257361676403,26971000
2023-07-31,132.48251342773438,133.1991205267683,131.5071374489387,132.38297875797917,18381900
2023-08-01,131.26824951171875,132.29339271729313,130.13362425570162,130.23812501712436,22154300
2023-08-02,128.03358459472656,129.8051923789999,127.24730777936597,129.2279247028978,22705800
2023-08-03,128.1629638671875,129.15824972270406,127.17265170731427,127.76484041286672,15018100
2023-08-04,127.93402099609375,131.30803901184555,127.71009081905459,128.98903662639106,20509500
2023-08-07,131.31802368164062,131.43745312948764,128.81984636055205,128.8994710547359,17621000
2023-08-08,131.21849060058594,131.31802526623122,129.516560200799,130.3625441113529,16836000
2023-08-09,129.5364532470703,131.8455238147228,128.8945047788988,131.566844978883,17745200
2023-08-10,129.59619140625,132.0216997650313,129.42201332604975,131.34788922685664,17855700
2023-08-11,129.55636596679688,129.82509741665174,128.14306178737075,128.5929268909368,15191500
2023-08-14,131.2085418701172,131.28816656444948,128.9790959893854,129.2378800426798,17526200
2023-08-15,129.6558837890625,131.36777655849932,129.20700588957308,130.9696531313885,14769200
2023-08-16,128.50135803222656,130.28092356169924,127.85442829776723,128.6705548060566,17548400
2023-08-17,129.84500122070312,131.86641746660837,129.2378762328174,129.83503864241928,23665600
2023-08-18,127.50607299804688,129.21796590382195,126.40130507846943,128.45159153409708,23619400
2023-08-21,128.3221893310547,128.6506354634506,126.56054442118916,127.24728645123851,21851100
2023-08-22,129.07862854003906,130.3326832848051,128.31723544734945,128.5212708756986,15569400
2023-08-23,132.58203125,133.43797766580917,129.89474737667268,130.23315609872296,26497000
2023-08-24,129.80519104003906,134.33374512421491,129.6857615865114,134.09189440607807,18680400
2023-08-25,130.0738983154297,130.78054269990784,127.43638194111837,129.52648811043258,20678100
2023-08-28,131.16871643066406,132.61189307300702,130.23316048190944,131.45735783387545,16715500
2023-08-29,134.85128784179688,136.64777154543356,132.35311059131993,132.37103108273348,30803300
2023-08-30,136.28448486328125,136.60298362663758,134.38448756755432,134.93091067958756,21773400
2023-08-31,136.7025146484375,137.74755261910067,136.17501437416826,136.40392586245238,28147900
2023-09-01,136.1551055908203,137.92671316640642,135.2991591632001,137.77741117868558,16665700
2023-09-05,136.0655517578125,136.72242895656424,134.92096377921396,135.7968202933612,17730200
2023-09-06,134.73184204101562,136.83189581359818,134.05505494574317,136.36909153343186,15814300
2023-09-07,135.55795288085938,135.9361664282383,133.3285219157443,133.9655043610428,16976000
2023-09-08,136.55320739746094,136.8667248513154,135.22947547388424,135.22947547388424,17810700
2023-09-11,137.09068298339844,137.6122148514715,135.9062903528029,136.73237945806582,17180800
2023-09-12,135.4285430908203,136.9911338649846,135.28918850253046,136.48354358551512,15212900
2023-09-13,136.85182189941406,137.05087605753238,134.29392964767462,135.2593582607501,16394900
2023-09-14,138.33477783203125,138.89213544619693,136.41386835443595,137.73760028150744,19064600
2023-09-15,137.64804077148438,138.70304137845025,136.53331025452835,138.14568371340093,48947600
2023-09-18,138.304931640625,139.27034496584977,136.98119960666872,136.98119960666872,16233600
2023-09-19,138.175537109375,138.51891194439125,136.85180509944482,137.5982694908963,15479100
2023-09-20,133.9555206298828,138.18548554679785,133.88585851665223,138.17553815543835,21473500
2023-09-21,130.74075317382812,132.56212814786812,130.47202173520392,131.76589641033618,22042700
2023-09-22,130.6312713623047,132.38296903863727,129.89475434602193,131.05923699974304,17348700
2023-09-25,131.54693603515625,131.59670336769975,129.41702480927034,130.15354184508422,14650000
2023-09-26,128.8397674560547,130.78555337515328,127.58571258480154,130.29687063040993,20378800
2023-09-27,130.8402862548828,131.09905511203914,128.77008983706102,128.82980455895424,18764200
2023-09-28,132.5023956298828,133.54743350900674,130.0738959906491,130.0738959906491,18201400
2023-09-29,131.2284393310547,134.2541014929729,130.70093906988754,133.44792242163658,23224200
2023-10-02,134.5327911376953,134.72189788558038,131.44243271973966,131.5320048044671,19210400
2023-10-03,132.67161560058594,134.60247270694708,132.18890132399565,134.29392131611854,19628700
2023-10-04,135.6276092529297,135.9261980501909,132.8009858506282,133.02991253441417,22848000
2023-10-05,135.3489227294922,135.85651302517516,133.82115536674453,135.48826213537708,15922900
2023-10-06,138.0760040283203,138.5298632526382,134.3038772759261,134.3038772759261,20819300
2023-10-09,138.84237670898438,139.31016227556893,136.05557327888786,137.33950053589038,16599100
2023-10-10,138.54379272460938,140.07654149845536,137.77741833768638,138.85232892033153,19554900
2023-10-11,141.03199768066406,141.54955055947207,139.1807654476743,139.1907280254641,20146300
2023-10-12,139.62864685058594,141.70880584347444,138.7926103716341,141.48984173895988,18173100
2023-10-13,137.9267120361328,140.67369545751967,137.31958707283258,139.98694580545884,19438700
2023-10-16,139.8277130126953,140.24074995373522,138.6632304032856,139.0712860553355,17345600
2023-10-17,140.3253631591797,140.58413202342314,137.87596604076654,139.36988202214835,17424000
2023-10-18,138.6234130859375,141.32064444330823,138.05112675496449,140.08648451213176,18304900
2023-10-19,138.3248291015625,140.34029214619687,137.94663078943668,139.14097082318807,21831200
2023-10-20,136.09539794921875,138.38454334477072,135.60272110702797,137.9366677320261,24953900
2023-10-23,137.24990844726562,138.3646388922732,134.47306769281525,135.58778295096647,20780700
2023-10-24,139.45945739746094,140.04668762868056,138.09592055519693,138.50399142474643,26535200
2023-10-25,126.07286071777344,129.4866991866048,125.49559308439838,129.15825302346772,58796100
2023-10-26,122.85808563232422,124.86855967349787,121.74336276593957,123.883228825173,33907400
2023-10-27,122.81827545166016,123.85337364723375,120.88741847208745,123.44530280374534,37367700
2023-10-30,125.15719604492188,125.95342776488519,123.29600876572896,123.87327638303094,24165600
2023-10-31,124.70932006835938,125.96337477235224,123.34080202432419,125.67474096458068,21123400
2023-11-01,126.96861267089844,127.13780943909796,124.33608499908917,124.74912193515618,26536600
2023-11-02,127.97384643554688,129.47672248457854,127.50606090757798,128.94922224016352,24091700
2023-11-03,129.7554168701172,130.1137203986835,128.40182744962854,128.48145214340522,19517900
2023-11-06,130.83033752441406,130.93981958842548,129.3174985999452,129.60614003545646,15360400
2023-11-07,131.77584838867188,132.65170484912954,130.52179360953656,131.3578301289601,19223800
2023-11-08,132.63180541992188,132.91048428187855,131.5369999441946,131.73605410461238,15093600
2023-11-09,131.06919860839844,133.32850178489792,130.89003925468984,132.73132418834552,17976500
2023-11-10,133.42800903320312,133.63702572890057,130.25304496995332,130.90993722859585,20872900
2023-11-13,133.00999450683594,133.47778005060607,132.14410071540684,132.73131569610345,16409900
2023-11-14,134.79156494140625,136.59304521470958,134.46313395203288,135.01052905889378,22317300
2023-11-15,135.73707580566406,136.19489874724226,134.69202272801462,135.9958446340841,15840900
2023-11-16,138.04615783691406,138.22531720457332,135.4385135150892,136.31437000840492,17615100
2023-11-17,136.29446411132812,137.34946481698145,134.84133990278568,137.17032063082542,25565300
2023-11-20,137.2698211669922,137.77244537575424,134.85128386660017,134.86123125772718,19569400
2023-11-21,137.96653747558594,138.30991235310645,137.05585748750462,137.2897502999192,17648100
2023-11-22,139.35992431640625,140.43483482094024,138.34472853098143,138.44426318740094,17306400
2023-11-24,137.5684051513672,139.01853729789786,136.82194079778367,138.88217451650897,8828600
2023-11-27,137.3992156982422,138.97176917589266,136.89161019120684,136.9214827388474,17886400
2023-11-28,137.96653747558594,138.00635741936563,136.39398380718177,136.9812140764912,17046900
2023-11-29,135.75698852539062,139.0115776189309,135.65248775987334,138.32980921817492,21014700
2023-11-30,133.2886962890625,136.3143741654098,132.16401827465316,135.75700126102882,29913500
2023-12-01,132.69151306152344,132.87065721976913,131.5290047636909,132.69151306152344,24258400
2023-12-04,130.01419067382812,130.83031714371106,128.7899781887193,130.67506191191268,24117100
2023-12-05,131.76589965820312,132.91047236815325,129.118435520067,129.75541788842193,19235100
2023-12-06,130.81040954589844,132.68155176893464,130.69098010591114,132.27348093316925,16360600
2023-12-07,137.7973175048828,139.3400135494082,135.58778178936512,135.95604786652223,38419400
2023-12-08,135.99586486816406,137.33950690889154,134.93091685154977,135.02048893776958,22990900
2023-12-11,134.0650177001953,134.1545897930358,132.26355251661835,133.18917636987945,24502900
2023-12-12,133.00999450683594,133.90574565749662,132.20381543387006,132.6417436184086,26584000
2023-12-13,133.3384552001953,134.14463436116208,132.32325931493529,133.91074156374572,25414500
2023-12-14,132.5720672607422,134.39842340990367,130.4421562282918,134.13467327691998,29619100
2023-12-15,133.20907592773438,134.19441454486068,132.00478836032818,132.29341462099748,58569400
2023-12-18,136.5432586669922,137.72765117577347,133.1393831198481,133.22895519525449,25699800
2023-12-19,137.448974609375,138.11581427079156,136.8020297293576,137.34943995495507,20661000
2023-12-20,139.00161743164062,142.4035035415894,138.75279598350446,139.6684570902229,33507300
2023-12-21,141.1315460205078,141.36045752902064,139.81080573991832,140.10640274129122,18101500
2023-12-22,142.04721069335938,142.5747110270623,141.3853370380521,141.4599956331026,18494700
2023-12-26,142.146728515625,143.26642506638242,141.82822976260738,142.3059627052774,11170100
2023-12-27,140.77325439453125,142.6443969359828,140.38608060750633,142.1567013282817,17288400
2023-12-28,140.6139678955078,141.5993062437167,140.16410287260985,141.18128805604312,12192500
2023-12-29,140.265625,140.7682492049037,139.24048180809135,140.01680354202497,14872700
2024-01-02,138.902099609375,139.95213414491474,137.0906871446073,138.9419195505414,20071900
2024-01-03,139.69833374023438,140.4248882168035,137.77742399819624,137.94663597072886,18974300
2024-01-04,137.38926696777344,139.97203524387632,137.35940960398045,139.19074730881516,18253300
2024-01-05,136.74232482910156,138.15562893957002,136.2048771424727,137.69979542310543,15433200
2024-01-08,139.8675079345703,139.97698997665955,137.2300067208601,137.34943615337357,17645300
2024-01-09,141.88795471191406,142.12682879389962,139.13100853140358,139.39973997528017,19579700
2024-01-10,143.1221160888672,143.8436892574364,141.78843662182845,141.8481513461947,16641900
2024-01-11,142.99270629882812,145.9686162505574,141.54456366540506,144.21193745499684,17471100
2024-01-12,143.56004333496094,144.05768628375355,142.68418688529152,143.65956281260492,13995200
2024-01-16,143.4008026123047,145.1525004306422,142.3816277261754,142.75385762766444,19198900
2024-01-17,142.21640014648438,142.7339530613565,139.84761486962495,142.23631011659492,17884500
2024-01-18,144.30650329589844,144.89869960159834,142.67423508180605,142.76380716497314,18876800
2024-01-19,147.27244567871094,147.34210778973952,145.1126772471203,145.61528626488587,27170900
2024-01-22,147.01368713378906,149.3078138461343,146.88429510685154,148.00897303488966,21829200
2024-01-23,147.9790802001953,148.15823953499927,146.49611413043706,147.02361437075928,14113600
2024-01-24,149.6412353515625,150.85548531754347,149.133629842608,149.5815054429125,19245000
2024-01-25,152.9157257080078,154.03044106087503,150.50713564235818,151.02468856484268,21495100
2024-01-26,153.0650177001953,153.3835164900002,152.07969434131007,152.14935645979352,19494500
2024-01-29,154.11007690429688,154.46838046319007,152.19912965248616,152.91573677027253,20909300
2024-01-30,152.32852172851562,154.30913110200262,152.05480897288476,153.2839877612383,26578900
2024-01-31,141.1315460205078,144.90367296245176,140.8827245413415,144.70461881649027,43908600
2024-02-01,142.03726196289062,143.93824654999406,141.5893711442408,143.012637923415,25526900
2024-02-02,142.8633270263672,143.20173576400992,137.51864676692574,140.22582554692482,42116900
2024-02-05,144.2467803955078,145.97858335516779,143.2315996965748,143.36097653848321,29254400
2024-02-06,144.7245330810547,146.04826521191697,143.8387291964155,145.27194338883356,21517700
2024-02-07,145.988525390625,146.30702416148435,144.52546912091884,145.4311677284784,21436100
2024-02-08,146.52598571777344,146.91414659621208,145.72975399134987,146.27716425244463,18241300
2024-02-09,149.51185607910156,149.98462297837207,146.73499978408023,147.25255272851453,21877700
2024-02-12,148.02886962890625,149.88010203507002,147.85967284607264,148.83504878876087,17236100
2024-02-13,145.6799774169922,147.34210287749787,144.42592277857784,145.3814038270288,18138500
2024-02-14,146.44635009765625,147.1330997206111,144.86881544298058,146.67526157635592,16651800
2024-02-15,143.26144409179688,144.07757057119647,141.21115772203078,143.7789969731579,26724300
2024-02-16,141.0917205810547,143.79889938383792,140.85286168995205,143.53018313134746,21849700
2024-02-20,141.52964782714844,142.65332338866605,140.13625368240938,140.27559309688328,18625600
2024-02-21,143.1619110107422,143.30125042031312,141.24101663688162,141.9675710448689,16499600
2024-02-22,144.6349639892578,145.51080531300332,143.3311266157508,145.43118061323398,23024700
2024-02-23,144.60507202148438,145.26694560519326,144.10742910489103,144.28658845203006,14519400
2024-02-26,138.09591674804688,143.16191826534566,138.08596935645082,142.77375737709573,33513000
2024-02-27,139.43955993652344,139.82772082802197,137.847096430097,138.75281023921275,22364000
2024-02-28,136.78213500976562,138.62342001381086,135.9958658248756,138.444275840111,30628700
2024-02-29,139.12106323242188,139.29026001463518,136.92148987679116,137.69781167134997,35485000
2024-03-01,137.42909240722656,139.34003970069875,137.3245916297716,138.9518787690069,28522000
2024-03-04,133.56736755371094,135.9859202387782,132.23368806448792,135.89633296388092,43571500
2024-03-05,133.1493377685547,133.38821183618217,130.92985460920454,132.1142471825488,28447600
2024-03-06,131.93508911132812,134.10482014941,131.32796413873504,133.60717722718147,23175200
2024-03-07,134.6024627685547,135.17973037946277,132.0346234732147,133.25882080682047,24107300
2024-03-08,135.6475067138672,138.32980946619315,134.16454046339086,134.39843325406335,26472400
2024-03-11,138.28501892089844,139.32010952636415,136.42383923457078,136.42383923457078,22536400
2024-03-12,138.96180725097656,139.61869956501798,137.55846572697882,137.59827047925845,19019700
2024-03-13,140.10638427734375,141.51968827033295,139.34995736077497,139.3997246874212,19637000
2024-03-14,143.65956115722656,144.04772204533774,140.8180242046837,141.62918463176592,36117900
2024-03-15,141.49978637695312,143.659554832315,140.46469578318113,142.73394628866993,41025900
2024-03-18,147.78004455566406,152.20906372462022,147.44165099822862,148.6658483894553,47676700
2024-03-19,147.2227020263672,148.91468517438577,146.3169881293415,148.27770274736022,17748400
2024-03-20,148.97438049316406,149.05400518452484,146.9688800892644,148.08857668370393,17730000
2024-03-21,148.03883361816406,150.5917292530754,147.31226396001364,149.6113871985433,19843900
2024-03-22,151.05453491210938,151.84080403684533,149.38244681787967,149.5317488047315,19226300
2024-03-25,150.43743896484375,150.74199616930437,148.09852650340093,150.23838484701864,15114700
2024-03-26,150.98486328125,152.4777920846642,150.3180235714812,150.52704028617632,19312700
2024-03-27,151.22372436523438,151.97018870281173,149.4222595271113,151.42775977326156,16622000
2024-03-28,151.54222106933594,151.95029192080196,150.61661250010812,151.28345221045504,21105600
2024-04-01,155.7622528076172,156.25989578783322,150.9351098247783,151.1142691948225,24469800
2024-04-02,155.1352081298828,155.25465276475865,152.7365806566567,154.02049278342562,17598100
2024-04-03,155.6328582763672,155.8120176435374,153.40541695878758,154.189696694263,17266200
2024-04-04,151.22372436523438,155.44372636741727,151.1640096481251,154.34892111775065,24184800
2024-04-05,153.21432495117188,154.11007625117927,150.3687936097494,150.9649689349857,16289800
2024-04-08,155.40394592285156,155.91651757401127,153.26408722854015,153.28896330227423,16641500
2024-04-09,157.39450073242188,159.1362509369547,155.90157198567948,156.6082316080211,21538100
2024-04-10,156.91677856445312,157.4144215142172,155.4636544689247,157.1357426772979,16339200
2024-04-11,160.03199768066406,160.36044381827898,157.1854796748576,157.59355049918426,17841700
2024-04-12,158.4395751953125,160.93773750014714,157.85236012081944,158.65355803293747,16968200
2024-04-15,155.59304809570312,160.0718346896375,155.41388873477973,159.5244244018962,21140900
2024-04-16,155.2646026611328,156.4888000836408,154.31908407973467,154.9062991244405,15413200
2024-04-17,156.14047241210938,157.93297739385886,155.39897401565153,156.4490086419596,16237800
2024-04-18,156.71771240234375,157.73787429637503,155.47360512335126,156.18523084208942,14016100
2024-04-19,154.98593139648438,157.2452347851526,153.18446623308236,157.00636068672782,20063900
2024-04-22,157.2053985595703,158.43457720422234,154.92620062224327,155.2745415611511,17243900
2024-04-23,159.16612243652344,159.72348012158997,157.2203366413251,157.84239034106147,16115400
2024-04-24,160.34054565429688,160.62917184903918,158.0712952848792,158.34001151164955,19485700
2024-04-25,157.2053985595703,157.53384471581393,152.04783561586922,152.63704010672708,36197800
2024-04-26,172.8712158203125,175.58834216017274,170.59200253322018,175.16037649944792,56500800
2024-04-29,167.10848999023438,170.5720957211152,166.27245351182466,169.96497073841974,35914600
2024-04-30,163.86387634277344,169.06921754993925,163.72453691882748,166.59096528212498,29420800
2024-05-01,164.78948974609375,168.01420626410095,164.12263484487258,165.39659955094953,25223200
2024-05-02,167.66586303710938,167.73552515030133,164.9089169463527,165.8842928390392,17041100
2024-05-03,168.19337463378906,169.04932114032962,164.20226833832118,168.74076974533335,22767100
2024-05-06,169.02938842773438,169.09905053623592,167.09853155507523,168.42226348516482,15147900
2024-05-07,172.16453552246094,172.65223103765175,169.19858805476193,169.31801749241833,21102400
2024-05-08,170.35313415527344,171.09859622958308,169.71814128050192,169.94506330132936,14569900
2024-05-09,170.77114868164062,171.62709512370475,169.12891791013897,170.3431678671801,11937700
2024-05-10,169.48721313476562,170.53226626790192,167.11844324476036,168.890050763585,18740500
2024-05-13,170.09434509277344,170.14411242247,164.97857644921768,165.06517190662683,19648600
2024-05-14,171.11949157714844,171.96549063762274,169.61661538741166,170.78109802770155,18729500
2024-05-15,173.060302734375,173.2255205444955,171.21901789802692,171.48774932095938,20958200
2024-05-16,174.60301208496094,175.5087259711052,173.229527760386,173.77693808645444,17247300
2024-05-17,176.4542236328125,176.65825905676155,174.15511572356067,174.722435954081,16546400
2024-05-20,177.6187286376953,179.1016949111226,176.3895499420499,176.47414073902465,17495100
2024-05-21,178.69363403320312,178.9723280730661,176.47415060146764,177.55900864972514,14706000
2024-05-22,177.160888671875,178.00887723264987,175.94663866940007,177.55899695369803,16189400
2024-05-23,174.2347412109375,179.06188373408688,173.71718830847908,177.93720584610716,14928400
2024-05-24,175.49876403808594,176.4681715297921,174.37408611469655,175.6878707884106,11400600
2024-05-28,177.1807861328125,177.66846646558616,174.85180576931893,174.9115356755471,15655300
2024-05-29,176.56370544433594,177.3897945303486,175.42908017169887,175.976490431931,15023800
2024-05-30,172.74180603027344,175.85705553445754,172.41335988432073,175.85705553445754,18844000
2024-05-31,173.13992309570312,173.59774605548205,170.16401310971617,172.58255029510445,28085200
2024-06-03,173.59776306152344,175.03097717260903,171.63704864383791,173.06031536329505,20742800
2024-06-04,174.30441284179688,174.3641275618965,172.40341325539,173.6276105780023,14066600
2024-06-05,176.2352752685547,177.13102647161713,174.46365245832024,175.70279368634698,15233900
2024-06-06,177.5092315673828,177.867535069039,176.37460634328087,176.59355525115092,14255800
2024-06-07,175.12054443359375,178.5741875907091,174.9612950507807,177.61872166754497,14716300
2024-06-10,175.99740600585938,177.830812412341,173.7554643619359,175.81804276819278,17122200
2024-06-11,177.5518035888672,177.75108423529036,174.81165288916708,177.08348570749644,14402400
2024-06-12,178.91690063476562,181.42787947273285,177.14327694877989,179.10622257947298,18600400
2024-06-13,176.10699462890625,177.87064426133762,176.0272793318939,177.2030457535148,15956900
2024-06-14,177.7311553955078,178.0898666483664,175.22218357185352,175.22218357185352,12361600
2024-06-17,178.13967895507812,179.2755953141092,175.8578875265829,176.34612280815062,15272900
2024-06-18,175.8180389404297,178.26923510757547,174.99100977195764,178.14965455035454,15640300
2024-06-20,177.0735321044922,178.09984190710827,175.82800902324556,176.07711363949488,16753200
2024-06-21,179.6143798828125,181.8583130820366,177.42226238783712,177.85073021689615,59728000
2024-06-24,180.14248657226562,181.4278748991179,179.58449466770367,180.6307370908269,18198300
2024-06-25,184.91534423828125,185.08473355620472,180.45636543703452,180.49623069074562,18917700
2024-06-26,184.70608520507812,185.26407711043942,183.33103806804897,183.5402774304899,13375700
2024-06-27,186.19076538085938,186.8284726259236,184.78581161771882,184.980120527237,13025700
2024-06-28,182.76307678222656,185.9117628453365,182.6684158097748,185.05484233965822,23032400
2024-07-01,183.82923889160156,184.67618542202868,182.07553275022136,183.8192649768011,11815900
2024-07-02,185.94163513183594,186.2804137331941,182.40434682998787,182.81288201616928,12555500
2024-07-03,186.71884155273438,186.9480135253479,184.72101781483107,185.63274915628548,7409100
2024-07-05,191.27249145507812,191.5714048253656,186.6491104769195,186.6491104769195,14303400
2024-07-08,189.79779052734375,190.99250141053892,188.6419566291613,190.67963062540326,12097600
2024-07-09,189.7579345703125,192.16926542683404,189.54868000321284,191.06324032448242,10198500
2024-07-10,191.96998596191406,192.61765188536268,189.9372837700379,190.06682303638334,12052900
2024-07-11,186.62918090820312,191.7208798554092,186.15090430376924,190.65470480345505,16452000
2024-07-12,186.11105346679688,188.01421652496057,185.47334621010972,186.25055145406782,14449100
2024-07-15,187.5159912109375,189.21985825223288,185.82208288068784,185.82208288068784,12186000
2024-07-16,184.8356170654297,189.65827857329185,184.45697320018698,188.28323149134974,12760100
2024-07-17,181.96592712402344,184.5665798102319,180.96950870331733,184.01854663801583,17376600
2024-07-18,178.578125,183.39082818525517,177.57174778728617,182.88264501899772,17877200
2024-07-19,178.74749755859375,181.31825887509234,178.21939701881587,179.7239833410327,14485900
2024-07-22,182.69332885742188,183.63992334392967,181.2485099418617,181.69691040759497,16303900
2024-07-23,182.9424285888672,184.55662156919473,182.6733913574331,183.18155927979657,23772600
2024-07-24,173.7454833984375,177.31266333834552,172.94836078735528,174.7618344929483,31250700
2024-07-25,168.5541534423828,174.57251436164208,168.44454680160155,173.62591984806159,28967900
2024-07-26,168.07586669921875,169.23171581795833,165.27096136954532,168.1655559201212,25150100
2024-07-29,170.51708984375,171.54339960461624,169.1121362162633,169.8893413710137,13768900
2024-07-30,171.24447631835938,172.33056878553097,169.51070273282616,171.2145849810346,13681400
2024-07-31,172.52984619140625,175.27997080668484,171.10497512525495,174.29351108109944,15650200
2024-08-01,171.8323516845703,175.05077889023,169.89929753739804,171.36403381575482,17177800
2024-08-02,167.79685974121094,169.60038989475044,165.7940641440123,167.58762038247167,18907800
2024-08-05,160.06466674804688,165.3456878229132,156.0391427100353,156.8063740057358,34907800
2024-08-06,159.9650115966797,161.76854176630374,157.56365468246898,160.36857505755367,36146500
2024-08-07,160.17425537109375,164.19977895622932,159.66608746828945,162.65534262295992,19334200
2024-08-08,163.25318908691406,164.90724730098054,161.4496741925987,161.7625449521268,15733600
2024-08-09,164.7976531982422,164.92719246706665,160.35362004988897,161.06607082428397,13549200
2024-08-12,163.36280822753906,166.10295907223568,162.96424691360264,165.40048221300762,12435000
2024-08-13,165.33570861816406,165.9435244900484,164.1798747537791,164.59338172697963,12717600
2024-08-14,161.44967651367188,164.36919041099168,158.9586304461226,163.62187659072688,22515900
2024-08-15,162.58560180664062,162.93435435683165,160.9116260556583,161.62904857869057,18392500
2024-08-16,164.1499786376953,166.35205486717328,162.49592038476501,162.82474029317686,16853100
2024-08-19,167.79685974121094,167.8666163302166,165.49513557024594,166.40188000248637,13100800
2024-08-20,168.35487365722656,169.79967741743286,168.05594507135712,168.1356603745316,12622500
2024-08-21,167.02963256835938,168.03600974702022,165.97343142549687,166.39192535734017,15269600
2024-08-22,164.8972930908203,168.81321026159983,164.43893391865004,168.43456638911738,19123800
2024-08-23,166.83033752441406,167.34847938718525,165.06668777536825,165.95349960757738,14281600
2024-08-26,167.32855224609375,168.77337124165066,165.72433304902341,167.5527524913739,11990300
2024-08-27,165.7841033935547,167.64241403647938,165.56489012243208,167.00969380636656,13718200
2024-08-28,163.91082763671875,166.79047621925304,162.69519596618224,166.18266038398477,15208700
2024-08-29,162.8147735595703,167.02963467718953,161.40185288464895,165.46525036551398,17133800
2024-08-30,164.51866149902344,164.68805082195226,162.8247530655951,163.63184962949015,18498800
2024-09-03,158.0419464111328,162.79486713938573,157.28964554252158,162.7300975011423,26533100
2024-09-04,157.2447967529297,159.82551694837377,156.87612678333463,157.5088470400444,17410700
2024-09-05,158.03196716308594,160.43831095253145,156.95583344724037,157.2148967624086,14139500
2024-09-06,151.58514404296875,158.64974722214538,151.39083514674604,158.1216466586556,24999100
2024-09-09,149.2005615234375,154.28899143236174,147.86360676197722,153.28128945081107,28057700
2024-09-10,149.66949462890625,151.95430520263582,149.20355939783312,151.10622848372844,20401800
2024-09-11,151.80462646484375,152.13387922005617,148.36246071366355,150.74703500975997,18991500
2024-09-12,155.1869354248047,155.25678384046466,153.15157268835566,154.4585967034471,21024100
2024-09-13,158.01051330566406,158.91345784103444,155.755648728388,156.0070756210139,16733900
2024-09-16,158.62911987304688,158.8785524071565,157.25224741303262,157.9706143292006,14157600
2024-09-17,159.9161834716797,161.22320750164613,159.0481631332768,159.7266123117633,12064800
2024-09-18,160.44497680664062,161.26312280572637,159.29759326798978,160.48489453662953,16756500
2024-09-19,162.86947631835938,164.6155040932057,162.15310375152245,164.4458917934048,17548200
2024-09-20,164.2662811279297,164.37603204660826,162.8095885003916,164.14655838906322,46362700
2024-09-23,162.69985961914062,166.23181758098326,162.58012165110702,164.96469605302332,15648400
2024-09-24,163.2685546875,164.176492741931,161.6622086004887,163.87717066392423,18774100
2024-09-25,162.6200408935547,163.84424554390736,162.40551734323734,162.60008202800464,13607900
2024-09-26,163.4581298828125,165.12433738176023,163.1288771112858,164.65540300026643,18234500
2024-09-27,164.91481018066406,166.59100475314528,163.4581326837826,163.5379529228678,13604300
2024-09-30,166.8105010986328,166.9801133920327,164.26628624932783,164.40596785707794,14070100
2024-10-01,168.03770446777344,170.05312356675083,165.5234203103271,168.47670815509065,18629500
2024-10-02,166.9302215576172,168.49666513124245,165.87263008138385,167.37919706037525,12745000
2024-10-03,166.83045959472656,167.52886763193206,164.994624608732,165.4436153407923,11004300
2024-10-04,168.17738342285156,169.1651417037373,166.58102439541923,168.95561168385737,11422100
2024-10-07,164.016845703125,169.51433291164238,163.7574413654542,168.7560635386529,14034700
2024-10-08,165.32386779785156,165.72296895610333,163.9370236242508,165.0544764190507,11723900
2024-10-09,162.6898651123047,165.8825983372775,160.75426631287192,164.48078878674917,19666400
2024-10-10,162.80958557128906,163.93803021658485,161.27308796158508,161.7420223125794,12900500
2024-10-11,164.1465606689453,164.89485824555993,162.1311415998337,162.95925941151893,10946000
2024-10-14,165.972412109375,167.23951840464235,164.40596850811767,164.53567829588263,9981800
2024-10-15,166.52114868164062,168.70618005069358,165.67308722562564,166.7606093878907,14829300
2024-10-16,166.3615264892578,166.90029405802036,164.8409837085831,165.65313140202477,9968500
2024-10-17,164.13656616210938,167.54880112943871,163.99688456312464,167.00006177752527,15113400
2024-10-18,164.67535400390625,165.99234980298428,164.3760319327944,164.49575467157797,13091300
2024-10-21,165.4236602783203,165.8427051102763,163.93204336640198,164.20642828942988,11384000
2024-10-22,166.44134521484375,167.08986370041146,164.29621633151714,164.32614701705697,11958600
2024-10-23,164.1066436767578,167.2195719618869,163.26156615464373,166.05221433986773,12754300
2024-10-24,164.1565399169922,164.67536385635017,162.40054033844325,164.21640128996543,12764400
2024-10-25,166.61094665527344,167.0200044057247,164.85493202249762,164.98963532280627,14566400
2024-10-28,167.9578857421875,170.21874866254464,165.41367087628183,170.20277852548895,20858300
2024-10-29,170.7515411376953,171.46990807993288,168.27717457229605,169.00051981297196,28916100
2024-10-30,175.7401885986328,183.37281818194802,175.34608092530422,181.9959609227769,49698300
2024-10-31,172.2980194091797,178.0150088186449,172.1683096199305,174.32341036482913,32801900
2024-11-01,172.2581024169922,173.42546007693375,169.92341754541656,171.15062135368265,21752900
2024-11-04,170.29257202148438,171.52976286876077,169.1002924275085,170.85131368500362,16194000
2024-11-05,171.02093505859375,171.70637216526382,169.98328713827703,170.44224972306222,12518300
2024-11-06,177.92520141601562,178.23449529525598,174.64266103018528,174.951970133578,27061500
2024-11-07,181.86624145507812,182.16556352998285,178.48393702420717,178.70343886419374,16730400
2024-11-08,179.4517364501953,181.93608988065503,179.16240141973364,181.58687825588632,15021500
2024-11-11,181.55694580078125,181.67169024189303,179.58144448419563,179.6612647183404,12503400
2024-11-12,182.9038848876953,183.60727119420463,180.57917198310966,180.96828610388522,14065800
2024-11-13,180.08030700683594,182.20048341961808,179.7111365260688,181.73652736364141,13969700
2024-11-14,176.94744873046875,180.03542477204525,175.6304376208683,179.34199500809183,17925800
2024-11-15,173.49530029296875,175.48078883073978,172.35289497475256,175.24132810697984,21708900
2024-11-18,176.39869689941406,176.50844782695492,174.0240942257961,174.55788351993363,18725400
2024-11-19,179.17237854003906,179.7610356628362,174.7185067341715,174.8372399080373,15392900
2024-11-20,176.92747497558594,178.7034332806034,174.93201483744025,178.42407007919522,15729800
2024-11-21,168.85585021972656,175.18145549789298,164.93476294944196,175.05673923346154,38839400
2024-11-22,166.19192504882812,167.88306980424588,165.33387647649843,166.780582207106,24497000
2024-11-25,169.04539489746094,170.07307085416926,167.0200041158874,167.60867641516356,21395700
2024-11-26,170.23269653320312,171.10571032835793,169.0453953359282,169.10527192731251,14937500
2024-11-27,170.43226623535156,170.75153195687213,169.2848674640083,170.29256940350413,12433400
2024-11-29,170.10301208496094,170.48213917467183,168.36695621133114,169.67398022072197,9250700
2024-12-02,172.58734130859375,173.20594429747393,169.88350137476908,169.93339092253962,16593400
2024-12-03,172.62725830078125,173.92431041652506,172.11840622950385,172.72702217174466,15721500
2024-12-04,175.69029235839844,176.02951694382102,172.3578774269222,172.38780811245044,18239800
2024-12-05,173.91432189941406,177.30661319063742,173.6149998407543,176.91749908162544,16145500
2024-12-06,176.0894012451172,176.4376080962673,173.15607214175068,173.4853249211239,13319500
2024-12-09,176.89846801757812,177.83738550391604,175.20039040791823,175.51503437960727,19887800
2024-12-10,186.31773376464844,187.8160268138949,182.46212570826387,184.32500888640666,34317400
2024-12-11,196.4861602783203,196.66594813117683,186.04803967773574,186.4875414177299,41664500
2024-12-12,193.40965270996094,196.48115029218562,193.06004491560958,196.0766124040666,25197800
2024-12-13,191.16221618652344,194.11883919838084,191.0423423812578,192.490704487651,18883200
2024-12-16,197.93450927734375,200.41168291616427,193.88911488994594,194.14382959225733,32248600
2024-12-17,196.8956756591797,202.64913062417182,196.46617230830898,198.30407475927043,24129500
2024-12-18,189.93360900878906,198.46389928471683,189.0646039194836,196.60601529827326,27638400
2024-12-19,189.484130859375,194.37856412730645,189.30434300339118,193.06005888438943,26981200
2024-12-20,192.74041748046875,193.91406813278797,186.1579053424554,186.7971764103249,45319700
2024-12-23,195.7669677734375,196.26639877064787,191.411928868106,193.80919155814604,15235900
2024-12-24,197.34518432617188,197.44506138722352,194.97587425527323,195.94676829861982,6809800
2024-12-26,196.87571716308594,197.93450850289778,195.6471058614473,196.5161262135814,7907900
2024-12-27,193.81918334960938,196.5760523318792,191.75354348102763,196.24642603002408,14693000
2024-12-30,192.47073364257812,193.55948963491522,190.14338320337714,190.64781342319387,12209500
2024-12-31,190.22328186035156,193.03008164381478,189.36425993005457,192.2260050490995,14355200
2025-01-02,190.41307067871094,192.9801381301293,188.49525744007033,191.26709343340778,17545200
2025-01-03,192.9102325439453,194.27866867483587,191.13225931471843,192.5056946331138,12875000
2025-01-06,197.7347412109375,199.33291137103032,194.83803207586362,194.92792600382484,19483300
2025-01-07,196.4861602783203,201.909973886113,195.7170322333306,198.04438263544472,16966800
2025-01-08,195.1676483154297,197.41508784704052,193.52951522204586,193.72928457657076,14335300
2025-01-10,192.95018005371094,197.39511312065048,191.38197456331892,195.19761966253236,20753800
2025-01-13,192.0711669921875,192.27095158503425,188.4453083016719,191.13224951636064,13169100
2025-01-14,190.8325958251953,193.050070773715,189.42419669059564,192.28094273517524,13651200
2025-01-15,196.75584411621094,197.57491832048342,193.11000369739423,194.12884726518368,12894900
2025-01-16,194.1887664794922,196.75583391247915,194.0788910490422,195.60214951346643,13449600
2025-01-17,197.3251953125,198.58375597214695,195.0877388983694,197.82462632303964,22109100
2025-01-21,199.40283203125,203.6080326445683,199.21304580682195,200.28182025394423,19005200
2025-01-22,199.8023681640625,201.88998612293432,198.9733108604717,200.32178068082086,15477400
2025-01-23,199.35289001464844,201.71020506522237,196.59603624015026,199.75242873857272,15170800
2025-01-24,201.6702423095703,202.33949329722083,199.5566528889042,199.6225872950207,12732400
2025-01-27,193.54949951171875,198.44391735433535,192.48070982544095,193.96901973467803,24970200
2025-01-28,196.8457489013672,197.00555524376668,192.39081751116362,194.42848935993928,15939200
2025-01-29,196.9556121826172,198.2341696318412,194.96788645279017,197.14539841120728,12287800
2025-01-30,202.3994140625,203.00672387191645,199.24500307805343,199.53266972822976,14571500
2025-01-31,205.3660430908203,206.8443546537246,203.34833748699367,203.48317837651163,17087300
2025-02-03,202.40939331054688,204.9864590771122,201.43051282665638,201.98487391595285,16719500
2025-02-04,207.4736328125,208.46249643839946,204.02754671792735,204.2672790849399,28285400
2025-02-05,193.0800323486328,194.32860987902825,189.69389069585742,192.88026299205453,43666400
2025-02-06,193.0900115966797,193.60942410647172,190.2732286703268,190.77265967243562,20816600
2025-02-07,186.92703247070312,192.79534667048466,184.88936071436743,192.52066571940506,29565700
2025-02-10,187.98582458496094,189.77379609286592,187.39649966530655,188.84484651111416,16606000
2025-02-11,186.8571319580078,188.58515904568145,185.86825303657443,186.62239876540912,13028100
2025-02-12,185.21897888183594,186.61739486850084,183.42103942122037,185.0192095241481,17632300
2025-02-13,187.66619873046875,187.77607416088287,184.66961270981918,185.7184056239068,12729300
2025-02-14,186.6573486328125,187.93589085274974,185.89821895267022,186.6174008565631,12714200
2025-02-18,185.58856201171875,187.56630449733623,183.3710871600107,187.226695076443,19796000
2025-02-19,186.91705322265625,187.1467872178663,185.2889032654933,185.9731213052312,13120500
2025-02-20,186.4276123046875,186.90706182083724,184.38994042998203,186.28777222741775,12063800
2025-02-21,181.3733673095703,187.25666399411273,180.92388244913036,187.07686090508184,19520800
2025-02-24,180.9838104248047,184.87936617572134,180.67416563965807,183.59084088624112,18734000
2025-02-25,177.16815185546875,180.55429349830055,176.56884378749382,179.94998624296272,20832500
2025-02-26,174.50119018554688,177.87734865828276,173.3924527442382,176.74364576328153,23637200
2025-02-27,170.0163116455078,176.38904098824568,169.55882503535227,175.73978676984865,25930500
2025-02-28,172.02401733398438,172.30369747869378,168.19837398997922,170.1062040953664,30049800
2025-03-03,168.46807861328125,174.80086041257175,167.4492350449917,173.5323013294071,24122000
2025-03-04,172.41357421875,174.9656593689528,167.34933645157065,167.74889040520628,30711400
2025-03-05,174.79087829589844,175.55000797862252,170.73548550793336,172.12391841048589,18848000
2025-03-06,174.0117645263672,176.52888591983762,172.31169022063378,172.35364986457097,19082400
2025-03-07,175.5500030517578,176.69868829805844,172.05398592128185,173.0448614517929,16395300
2025-03-10,167.80999755859375,170.4499969482422,165.56500244140625,170.16000366210938,28990700
2025-03-11,165.97999572753906,168.65499877929688,163.24000549316406,166.67999267578125,23705900
2025-03-12,169.0,169.52999877929688,165.47999572753906,168.47000122070312,19880100
2025-03-13,164.72999572753906,168.1199951171875,164.07000732421875,167.97999572753906,15206200
2025-03-14,167.6199951171875,168.25,164.50999450683594,165.31500244140625,18611100
2025-03-17,166.57000732421875,168.4600067138672,165.80999755859375,167.3249969482422,17839100
2025-03-18,162.6699981689453,166.44000244140625,158.8000030517578,165.9600067138672,24616800
2025-03-19,166.27999877929688,168.13299560546875,163.0500030517578,163.9149932861328,24955700
2025-03-20,165.0500030517578,167.02999877929688,163.13999938964844,163.8249969482422,19981500
2025-03-21,166.25,166.47000122070312,163.02999877929688,163.3800048828125,29882100
2025-03-24,169.92999267578125,170.5,167.44000244140625,169.26499938964844,18742800
2025-03-25,172.7899932861328,172.91000366210938,170.5500030517578,171.17999267578125,13841600
2025-03-26,167.13999938964844,171.94000244140625,166.86099243164062,171.3000030517578,22498000
2025-03-27,164.0800018310547,167.44000244140625,163.85000610351562,166.7100067138672,21571200
2025-03-28,156.05999755859375,163.80999755859375,155.33900451660156,162.36000061035156,34866500
2025-03-31,156.22999572753906,157.1300048828125,152.2100067138672,154.80999755859375,33591600
2025-04-01,158.8800048828125,160.0800018310547,155.2550048828125,155.3000030517578,20111400
2025-04-02,158.86000061035156,160.27499389648438,156.52999877929688,156.9600067138672,17113300
2025-04-03,152.6300048828125,154.68699645996094,152.17999267578125,152.8350067138672,28416100
2025-04-04,147.74000549316406,153.08999633789062,147.5399932861328,149.89999389648438,39832200
2025-04-07,149.24000549316406,154.92999267578125,142.66000366210938,143.38999938964844,47823000
2025-04-08,146.5800018310547,154.44000244140625,145.2100067138672,153.5749969482422,35304400
2025-04-09,161.05999755859375,161.8699951171875,145.80999755859375,146.3300018310547,46479500
2025-04-10,155.3699951171875,160.02999877929688,152.1999969482422,158.75999450683594,35270500
2025-04-11,159.39999389648438,159.86000061035156,155.5850067138672,155.5850067138672,22582000
2025-04-14,161.47000122070312,164.02999877929688,159.9199981689453,162.30999755859375,18255900
2025-04-15,158.67999267578125,162.0500030517578,157.64500427246094,161.57000732421875,15690800
2025-04-16,155.5,158.17999267578125,153.91000366210938,155.47000122070312,16921500
2025-04-17,153.36000061035156,157.07000732421875,150.89999389648438,156.61000061035156,19513400
2025-04-21,149.86000061035156,151.05999755859375,148.39999389648438,150.96499633789062,16147800
2025-04-22,153.89999389648438,154.61000061035156,150.8699951171875,151.07000732421875,15910300
2025-04-23,157.72000122070312,160.02000427246094,156.35000610351562,157.91000366210938,18575700
2025-04-24,161.47000122070312,161.7100067138672,158.08999633789062,158.52499389648438,30787500
2025-04-25,163.85000610351562,168.24000549316406,163.0,167.10000610351562,35148100
2025-04-28,162.4199981689453,164.9499969482422,160.3800048828125,164.25999450683594,20871200
2025-04-29,162.05999755859375,162.67999267578125,159.38999938964844,162.0449981689453,15955200
2025-04-30,160.88999938964844,161.37399291992188,157.15499877929688,159.86000061035156,20639500
2025-05-01,162.7899932861328,163.94000244140625,160.92999267578125,162.52000427246094,21904300
2025-05-02,165.80999755859375,166.6999969482422,163.66000366210938,164.9550018310547,16832500
